Feature,Coefficient_Estimate,Std_Error,t_statistic,p_value,Significant_5%
Intercept,7.829565217391305,0.7219889849906035,10.844438599701357,0.0,True
TAVG,1.466616053403599,0.8941313855959869,1.6402690667502071,0.10187949157211329,False
FF_AVG,-0.5893456795652217,0.910385204227754,-0.6473585871434957,0.5178393138006712,False
RH_AVG,4.173379542039385,0.9991044687951322,4.177120283599835,3.761974046812e-05,True
SS,-3.6462084460442683,0.7868136146613504,-4.6341450860806725,5.124886738316903e-06,True
DDD_X,0.7423063915505408,0.7397828060211191,1.0034112519362197,0.3163802722243332,False
DDD_CAR,-1.8092771900516125,0.9089060567586295,-1.9906096747819197,0.047328778367657476,True
