Feature,Coefficient_Estimate,Std_Error,t_statistic,p_value,Significant_5%
Intercept,1.3650222935590381e-16,0.04140804718895473,3.2965145333469072e-15,0.9999999999999973,False
TAVG,0.167256437503457,0.0512808856888114,3.2615746638703134,0.0012208930458561529,True
FF_AVG,-0.08208619275281756,0.05221308673743776,-1.5721382871999448,0.11685406628443262,False
RH_AVG,0.4307698490456852,0.0573013797310257,7.517617395387879,5.058176100192213e-13,True
SS,-0.3267520365572216,0.04512591737841162,-7.240895156040436,3.028910455782352e-12,True
DDD_X,0.02189617030944109,0.04242857159614219,0.5160713520563581,0.6061420066094145,False
DDD_CAR,-0.08598706797560896,0.05212825357588789,-1.6495290380374947,0.0999682958915935,False
